"Country","Date","Daily.Cases","Daily.Deaths"
"Australia","2020-01-01",0,0
"Australia","2020-01-02",0,0
"Australia","2020-01-03",0,0
"Australia","2020-01-04",0,0
"Australia","2020-01-05",0,0
"Australia","2020-01-06",0,0
"Australia","2020-01-07",0,0
"Australia","2020-01-08",0,0
"Australia","2020-01-09",0,0
"Australia","2020-01-10",0,0
"Australia","2020-01-11",0,0
"Australia","2020-01-12",0,0
"Australia","2020-01-13",0,0
"Australia","2020-01-14",0,0
"Australia","2020-01-15",0,0
"Australia","2020-01-16",0,0
"Australia","2020-01-17",0,0
"Australia","2020-01-18",0,0
"Australia","2020-01-19",0,0
"Australia","2020-01-20",0,0
"Australia","2020-01-21",0,0
"Australia","2020-01-22",0,0
"Australia","2020-01-23",0,0
"Australia","2020-01-24",0,0
"Australia","2020-01-25",0,0
"Australia","2020-01-26",4,0
"Australia","2020-01-27",1,0
"Australia","2020-01-28",0,0
"Australia","2020-01-29",1,0
"Australia","2020-01-30",3,0
"Australia","2020-01-31",0,0
"Australia","2020-02-01",3,0
"Australia","2020-02-02",0,0
"Australia","2020-02-03",0,0
"Australia","2020-02-04",1,0
"Australia","2020-02-05",0,0
"Australia","2020-02-06",1,0
"Australia","2020-02-07",1,0
"Australia","2020-02-08",0,0
"Australia","2020-02-09",0,0
"Australia","2020-02-10",0,0
"Australia","2020-02-11",0,0
"Australia","2020-02-12",0,0
"Australia","2020-02-13",0,0
"Australia","2020-02-14",0,0
"Australia","2020-02-15",0,0
"Australia","2020-02-16",0,0
"Australia","2020-02-17",0,0
"Australia","2020-02-18",0,0
"Australia","2020-02-19",0,0
"Australia","2020-02-20",0,0
"Australia","2020-02-21",0,0
"Australia","2020-02-22",0,0
"Australia","2020-02-23",0,0
"Australia","2020-02-24",0,0
"Australia","2020-02-25",0,0
"Australia","2020-02-26",0,0
"Australia","2020-02-27",0,0
"Australia","2020-02-28",0,0
"Australia","2020-02-29",10,0
"Australia","2020-03-01",2,1
"Australia","2020-03-02",3,0
"Australia","2020-03-03",9,0
"Australia","2020-03-04",13,1
"Australia","2020-03-05",3,0
"Australia","2020-03-06",5,0
"Australia","2020-03-07",3,0
"Australia","2020-03-08",13,1
"Australia","2020-03-09",15,0
"Australia","2020-03-10",16,0
"Australia","2020-03-11",21,0
"Australia","2020-03-12",0,0
"Australia","2020-03-13",72,0
"Australia","2020-03-14",50,0
"Australia","2020-03-15",47,0
"Australia","2020-03-16",80,0
"Australia","2020-03-17",75,2
"Australia","2020-03-18",116,1
"Australia","2020-03-19",113,0
"Australia","2020-03-20",110,1
"Australia","2020-03-21",280,0
"Australia","2020-03-22",478,0
"Australia","2020-03-23",133,0
"Australia","2020-03-24",362,1
"Australia","2020-03-25",320,0
"Australia","2020-03-26",446,5
"Australia","2020-03-27",333,0
"Australia","2020-03-28",497,1
"Australia","2020-03-29",344,2
"Australia","2020-03-30",377,1
"Australia","2020-03-31",198,1
"Australia","2020-04-01",303,2
"Australia","2020-04-02",254,4
"Australia","2020-04-03",214,4
"Australia","2020-04-04",220,2
"Australia","2020-04-05",137,5
"Australia","2020-04-06",110,5
"Australia","2020-04-07",98,5
"Australia","2020-04-08",115,5
"Australia","2020-04-09",98,1
"Australia","2020-04-10",107,3
"Australia","2020-04-11",88,3
"Australia","2020-04-12",12,3
"Australia","2020-04-13",36,1
"Australia","2020-04-14",64,1
"Australia","2020-04-15",25,1
"Australia","2020-04-16",22,0
"Australia","2020-04-17",60,3
"Australia","2020-04-18",46,1
"Australia","2020-04-19",42,0
"Australia","2020-04-20",13,0
"Australia","2020-04-21",22,0
"Australia","2020-04-22",7,0
"Australia","2020-04-23",10,8
"Australia","2020-04-24",15,4
"Australia","2020-04-25",17,1
"Australia","2020-04-26",20,3
"Australia","2020-04-27",7,0
"Australia","2020-04-28",23,6
"Australia","2020-04-29",8,2
"Australia","2020-04-30",14,2
"Australia","2020-05-01",12,0
"Australia","2020-05-02",21,1
"Australia","2020-05-03",23,1
"Australia","2020-05-04",25,1
"Australia","2020-05-05",28,1
"Australia","2020-05-06",19,0
"Australia","2020-05-07",19,0
"Australia","2020-05-08",5,0
"Australia","2020-05-09",21,0
"Australia","2020-05-10",9,0
"Australia","2020-05-11",22,0
"Australia","2020-05-12",10,1
"Australia","2020-05-13",9,0
"Australia","2020-05-14",30,0
"Australia","2020-05-15",16,0
"Australia","2020-05-16",9,0
"Australia","2020-05-17",10,1
"Australia","2020-05-18",14,0
"Australia","2020-05-19",4,1
"Australia","2020-05-20",9,0
"Australia","2020-05-21",14,1
"Australia","2020-05-22",4,0
"Australia","2020-05-23",15,1
"Australia","2020-05-24",0,0
"Australia","2020-05-25",12,0
"Australia","2020-05-26",13,1
"Australia","2020-05-27",11,0
"Australia","2020-05-28",15,0
"Australia","2020-05-29",19,0
"Australia","2020-05-30",8,0
"Australia","2020-05-31",10,0
"Australia","2020-06-01",19,-1
"Australia","2020-06-02",8,0
"Australia","2020-06-03",11,0
"Australia","2020-06-04",7,0
"Australia","2020-06-05",5,0
"Australia","2020-06-06",7,0
"Australia","2020-06-07",6,0
"Australia","2020-06-08",2,0
"Australia","2020-06-09",7,0
"Australia","2020-06-10",11,0
"Australia","2020-06-11",4,0
"Australia","2020-06-12",5,0
"Australia","2020-06-13",26,0
"Australia","2020-06-14",15,0
"Australia","2020-06-15",12,0
"Australia","2020-06-16",23,0
"Australia","2020-06-17",21,0
"Australia","2020-06-18",18,0
"Australia","2020-06-19",2,0
"Australia","2020-06-20",50,0
"Australia","2020-06-21",13,0
"Australia","2020-06-22",18,0
"Australia","2020-06-23",29,1
"Australia","2020-06-24",37,1
"Australia","2020-06-25",37,0
"Australia","2020-06-26",6,0
"Australia","2020-06-27",85,0
"Australia","2020-06-28",78,0
"Australia","2020-06-29",70,0
"Australia","2020-06-30",86,0
"Australia","2020-07-01",81,0
"Australia","2020-07-02",65,0
"Australia","2020-07-03",194,0
"Australia","2020-07-04",183,0
"Australia","2020-07-05",140,2
"Australia","2020-07-06",172,0
"Australia","2020-07-07",131,0
"Australia","2020-07-08",170,0
"Australia","2020-07-09",318,0
"Australia","2020-07-10",179,1
"Australia","2020-07-11",244,1
"Australia","2020-07-12",183,0
"Australia","2020-07-13",271,0
"Australia","2020-07-14",236,3
"Australia","2020-07-15",323,2
"Australia","2020-07-16",423,3
"Australia","2020-07-17",208,2
"Australia","2020-07-18",361,4
"Australia","2020-07-19",267,1
"Australia","2020-07-20",359,3
"Australia","2020-07-21",466,2
"Australia","2020-07-22",408,5
"Australia","2020-07-23",293,6
"Australia","2020-07-24",355,6
"Australia","2020-07-25",453,10
"Australia","2020-07-26",532,6
"Australia","2020-07-27",368,6
"Australia","2020-07-28",279,9
"Australia","2020-07-29",716,13
"Australia","2020-07-30",605,7
"Australia","2020-07-31",377,5
"Australia","2020-08-01",615,7
"Australia","2020-08-02",423,13
"Australia","2020-08-03",412,11
"Australia","2020-08-04",715,15
"Australia","2020-08-05",445,8
"Australia","2020-08-06",382,11
"Australia","2020-08-07",426,12
"Australia","2020-08-08",386,17
"Australia","2020-08-09",313,18
"Australia","2020-08-10",316,18
"Australia","2020-08-11",414,21
"Australia","2020-08-12",231,9
"Australia","2020-08-13",384,14
"Australia","2020-08-14",293,4
"Australia","2020-08-15",252,17
"Australia","2020-08-16",271,25
"Australia","2020-08-17",215,17
"Australia","2020-08-18",216,12
"Australia","2020-08-19",247,13
"Australia","2020-08-20",171,9
"Australia","2020-08-21",195,13
"Australia","2020-08-22",209,17
"Australia","2020-08-23",104,15
"Australia","2020-08-24",138,8
"Australia","2020-08-25",151,24
"Australia","2020-08-26",118,23
"Australia","2020-08-27",126,11
"Australia","2020-08-28",99,17
"Australia","2020-08-29",123,11
"Australia","2020-08-30",76,41
"Australia","2020-08-31",73,5
"Australia","2020-09-01",104,6
"Australia","2020-09-02",126,15
"Australia","2020-09-03",87,59
"Australia","2020-09-04",71,11
"Australia","2020-09-05",71,5
"Australia","2020-09-06",43,9
"Australia","2020-09-07",52,8
"Australia","2020-09-08",92,11
"Australia","2020-09-09",59,7
"Australia","2020-09-10",40,9
"Australia","2020-09-11",43,6
"Australia","2020-09-12",44,7
"Australia","2020-09-13",41,6
"Australia","2020-09-14",47,0
"Australia","2020-09-15",39,8
"Australia","2020-09-16",35,8
"Australia","2020-09-17",48,5
"Australia","2020-09-18",24,7
"Australia","2020-09-19",13,5
"Australia","2020-09-20",14,2
"Australia","2020-09-21",30,3
"Australia","2020-09-22",30,5
"Australia","2020-09-23",8,2
"Australia","2020-09-24",20,8
"Australia","2020-09-25",16,1
"Australia","2020-09-26",24,2
"Australia","2020-09-27",4,3
"Australia","2020-09-28",11,7
"Australia","2020-09-29",23,4
"Australia","2020-09-30",18,2
"Australia","2020-10-01",13,2
"Australia","2020-10-02",12,3
"Australia","2020-10-03",14,1
"Australia","2020-10-04",13,0
"Australia","2020-10-05",25,1
"Australia","2020-10-06",8,2
"Australia","2020-10-07",25,0
"Australia","2020-10-08",20,0
"Australia","2020-10-09",18,0
"Australia","2020-10-10",19,1
"Australia","2020-10-11",22,0
"Australia","2020-10-12",25,1
"Australia","2020-10-13",27,5
"Australia","2020-10-14",20,0
"Australia","2020-10-15",14,0
"Australia","2020-10-16",7,0
"Australia","2020-10-17",12,0
"Australia","2020-10-18",9,1
"Australia","2020-10-19",6,0
"Australia","2020-10-20",38,0
"Australia","2020-10-21",15,0
"Australia","2020-10-22",18,0
"Australia","2020-10-23",19,0
"Australia","2020-10-24",18,0
"Australia","2020-10-25",12,0
"Australia","2020-10-26",14,0
"Australia","2020-10-27",14,2
"Australia","2020-10-28",12,0
"Australia","2020-10-29",14,0
"Australia","2020-10-30",6,0
"Australia","2020-10-31",10,0
"Australia","2020-11-01",6,0
"Australia","2020-11-02",9,0
"Australia","2020-11-03",12,0
"Australia","2020-11-04",8,0
"Australia","2020-11-05",14,0
"Australia","2020-11-06",8,0
"Australia","2020-11-07",6,0
"Australia","2020-11-08",7,0
"Australia","2020-11-09",4,0
"Australia","2020-11-10",2,0
"Australia","2020-11-11",4,0
"Australia","2020-11-12",1,0
"Australia","2020-11-13",6,0
"Australia","2020-11-14",29,0
"Australia","2020-11-15",38,0
"Australia","2020-11-16",9,0
"Australia","2020-11-17",19,0
"Australia","2020-11-18",8,0
"Australia","2020-11-19",7,0
"Australia","2020-11-20",14,0
"Australia","2020-11-21",15,0
"Australia","2020-11-22",13,0
"Australia","2020-11-23",9,0
"Australia","2020-11-24",10,0
"Australia","2020-11-25",12,0
"Australia","2020-11-26",8,0
"Australia","2020-11-27",13,0
"Australia","2020-11-28",6,0
"Australia","2020-11-29",10,1
"Australia","2020-11-30",10,0
"Australia","2020-12-01",11,0
"Australia","2020-12-02",16,0
"Australia","2020-12-03",10,0
"Australia","2020-12-04",7,0
"Australia","2020-12-05",9,0
"Australia","2020-12-06",7,0
"Australia","2020-12-07",15,0
"Australia","2020-12-08",6,0
"Australia","2020-12-09",7,0
"Australia","2020-12-10",11,0
"Australia","2020-12-11",14,0
"Australia","2020-12-12",5,0
"Australia","2020-12-13",7,0
"Australia","2020-12-14",11,0
"Australia","2020-12-15",12,0
"Australia","2020-12-16",12,0
"Australia","2020-12-17",21,0
"Australia","2020-12-18",33,0
"Australia","2020-12-19",42,0
"Australia","2020-12-20",30,0
"Australia","2020-12-21",21,0
"Australia","2020-12-22",18,0
"Australia","2020-12-23",25,0
"Australia","2020-12-24",12,0
"Australia","2020-12-25",23,0
"Australia","2020-12-26",11,0
"Australia","2020-12-27",29,1
"Australia","2020-12-28",12,0
"Australia","2020-12-29",32,0
"Australia","2020-12-30",24,0
"Australia","2020-12-31",20,0
"Australia","2021-01-01",35,0
"Australia","2021-01-02",24,0
"Australia","2021-01-03",20,0
"Australia","2021-01-04",13,0
"Australia","2021-01-05",19,0
"Australia","2021-01-06",10,0
"Australia","2021-01-07",25,0
"Australia","2021-01-08",11,0
"Australia","2021-01-09",13,0
"Australia","2021-01-10",19,0
"Australia","2021-01-11",20,0
"Australia","2021-01-12",16,0
"Australia","2021-01-13",10,0
"Australia","2021-01-14",9,0
"Australia","2021-01-15",20,0
"Australia","2021-01-16",19,0
"Australia","2021-01-17",13,0
"Australia","2021-01-18",10,0
"Australia","2021-01-19",9,0
"Australia","2021-01-20",9,0
"Australia","2021-01-21",6,0
"Australia","2021-01-22",5,0
"Australia","2021-01-23",6,0
"Australia","2021-01-24",11,0
"Australia","2021-01-25",3,0
"Australia","2021-01-26",6,0
"Australia","2021-01-27",8,0
"Australia","2021-01-28",5,0
"Australia","2021-01-29",7,0
"Australia","2021-01-30",5,0
"Australia","2021-01-31",7,0
"Australia","2021-02-01",5,0
"Australia","2021-02-02",6,0
"Australia","2021-02-03",9,0
"Australia","2021-02-04",4,0
"Australia","2021-02-05",6,0
"Australia","2021-02-06",3,0
"Australia","2021-02-07",6,0
"Australia","2021-02-08",3,0
"Australia","2021-02-09",11,0
"Australia","2021-02-10",8,0
"Australia","2021-02-11",8,0
"Australia","2021-02-12",5,0
"Australia","2021-02-13",6,0
"Australia","2021-02-14",2,0
"Australia","2021-02-15",5,0
"Australia","2021-02-16",6,0
"Australia","2021-02-17",1,0
"Australia","2021-02-18",6,0
"Australia","2021-02-19",2,0
"Australia","2021-02-20",6,0
"Australia","2021-02-21",4,0
"Australia","2021-02-22",7,0
"Australia","2021-02-23",2,0
"Australia","2021-02-24",8,0
"Australia","2021-02-25",10,0
"Australia","2021-02-26",8,0
"Australia","2021-02-27",5,0
"Australia","2021-02-28",8,0
"Australia","2021-03-01",8,0
"Australia","2021-03-02",10,0
"Australia","2021-03-03",11,0
"Australia","2021-03-04",14,0
"Australia","2021-03-05",8,0
"Australia","2021-03-06",5,0
"Australia","2021-03-07",12,0
"Australia","2021-03-08",15,0
"Australia","2021-03-09",13,0
"Australia","2021-03-10",16,0
"Australia","2021-03-11",12,0
"Australia","2021-03-12",10,0
"Australia","2021-03-13",5,0
"Australia","2021-03-14",13,0
"Australia","2021-03-15",7,0
"Australia","2021-03-16",17,0
"Australia","2021-03-17",12,0
"Australia","2021-03-18",17,0
"Australia","2021-03-19",9,0
"Australia","2021-03-20",4,0
"Australia","2021-03-21",10,0
"Australia","2021-03-22",5,0
"Australia","2021-03-23",10,0
"Australia","2021-03-24",9,0
"Australia","2021-03-25",9,0
"Australia","2021-03-26",13,0
"Australia","2021-03-27",7,0
"Australia","2021-03-28",17,0
"Australia","2021-03-29",20,0
"Australia","2021-03-30",8,0
"Australia","2021-03-31",18,0
"Australia","2021-04-01",11,0
"Australia","2021-04-02",8,0
"Australia","2021-04-03",7,0
"Australia","2021-04-04",9,0
"Australia","2021-04-05",8,0
"Australia","2021-04-06",14,0
"Australia","2021-04-07",6,0
"Australia","2021-04-08",5,0
"Australia","2021-04-09",6,0
"Australia","2021-04-10",9,0
"Australia","2021-04-11",14,0
"Australia","2021-04-12",10,1
"Australia","2021-04-13",21,0
"Australia","2021-04-14",19,0
"Australia","2021-04-15",15,0
"Australia","2021-04-16",15,0
"Australia","2021-04-17",20,0
"Australia","2021-04-18",14,0
"Australia","2021-04-19",23,0
"Australia","2021-04-20",20,0
"Australia","2021-04-21",18,0
"Australia","2021-04-22",44,0
"Australia","2021-04-23",15,0
"Australia","2021-04-24",10,0
"Australia","2021-04-25",17,0
"Australia","2021-04-26",37,0
"Australia","2021-04-27",33,0
"Australia","2021-04-28",23,0
"Australia","2021-04-29",25,0
"Australia","2021-04-30",13,0
"Australia","2021-05-01",13,0
"Australia","2021-05-02",14,0
"Australia","2021-05-03",12,0
"Australia","2021-05-04",15,0
"Australia","2021-05-05",19,0
"Australia","2021-05-06",9,0
"Australia","2021-05-07",13,0
"Australia","2021-05-08",16,0
"Australia","2021-05-09",9,0
"Australia","2021-05-10",7,0
"Australia","2021-05-11",8,0
"Australia","2021-05-12",9,0
"Australia","2021-05-13",2,0
"Australia","2021-05-14",7,0
"Australia","2021-05-15",11,0
"Australia","2021-05-16",3,0
"Australia","2021-05-17",5,0
"Australia","2021-05-18",9,0
"Australia","2021-05-19",3,0
"Australia","2021-05-20",4,0
"Australia","2021-05-21",4,0
"Australia","2021-05-22",4,0
"Australia","2021-05-23",12,0
"Australia","2021-05-24",10,0
"Australia","2021-05-25",17,0
"Australia","2021-05-26",17,0
"Australia","2021-05-27",11,0
"Australia","2021-05-28",9,0
"Australia","2021-05-29",13,0
"Australia","2021-05-30",9,0
"Australia","2021-05-31",13,0
"Canada","2020-01-01",0,0
"Canada","2020-01-02",0,0
"Canada","2020-01-03",0,0
"Canada","2020-01-04",0,0
"Canada","2020-01-05",0,0
"Canada","2020-01-06",0,0
"Canada","2020-01-07",0,0
"Canada","2020-01-08",0,0
"Canada","2020-01-09",0,0
"Canada","2020-01-10",0,0
"Canada","2020-01-11",0,0
"Canada","2020-01-12",0,0
"Canada","2020-01-13",0,0
"Canada","2020-01-14",0,0
"Canada","2020-01-15",0,0
"Canada","2020-01-16",0,0
"Canada","2020-01-17",0,0
"Canada","2020-01-18",0,0
"Canada","2020-01-19",0,0
"Canada","2020-01-20",0,0
"Canada","2020-01-21",0,0
"Canada","2020-01-22",0,0
"Canada","2020-01-23",0,0
"Canada","2020-01-24",0,0
"Canada","2020-01-25",0,0
"Canada","2020-01-26",1,0
"Canada","2020-01-27",0,0
"Canada","2020-01-28",1,0
"Canada","2020-01-29",0,0
"Canada","2020-01-30",0,0
"Canada","2020-01-31",2,0
"Canada","2020-02-01",0,0
"Canada","2020-02-02",0,0
"Canada","2020-02-03",0,0
"Canada","2020-02-04",0,0
"Canada","2020-02-05",1,0
"Canada","2020-02-06",0,0
"Canada","2020-02-07",2,0
"Canada","2020-02-08",0,0
"Canada","2020-02-09",0,0
"Canada","2020-02-10",0,0
"Canada","2020-02-11",0,0
"Canada","2020-02-12",0,0
"Canada","2020-02-13",0,0
"Canada","2020-02-14",0,0
"Canada","2020-02-15",0,0
"Canada","2020-02-16",0,0
"Canada","2020-02-17",1,0
"Canada","2020-02-18",0,0
"Canada","2020-02-19",0,0
"Canada","2020-02-20",0,0
"Canada","2020-02-21",1,0
"Canada","2020-02-22",0,0
"Canada","2020-02-23",0,0
"Canada","2020-02-24",1,0
"Canada","2020-02-25",1,0
"Canada","2020-02-26",0,0
"Canada","2020-02-27",2,0
"Canada","2020-02-28",1,0
"Canada","2020-02-29",6,0
"Canada","2020-03-01",4,0
"Canada","2020-03-02",3,0
"Canada","2020-03-03",3,0
"Canada","2020-03-04",3,0
"Canada","2020-03-05",4,0
"Canada","2020-03-06",12,0
"Canada","2020-03-07",5,0
"Canada","2020-03-08",10,0
"Canada","2020-03-09",13,1
"Canada","2020-03-10",2,0
"Canada","2020-03-11",29,0
"Canada","2020-03-12",9,0
"Canada","2020-03-13",76,0
"Canada","2020-03-14",5,0
"Canada","2020-03-15",54,0
"Canada","2020-03-16",163,3
"Canada","2020-03-17",63,2
"Canada","2020-03-18",179,5
"Canada","2020-03-19",143,0
"Canada","2020-03-20",143,4
"Canada","2020-03-21",334,4
"Canada","2020-03-22",192,3
"Canada","2020-03-23",619,7
"Canada","2020-03-24",702,4
"Canada","2020-03-25",461,9
"Canada","2020-03-26",791,15
"Canada","2020-03-27",640,9
"Canada","2020-03-28",894,16
"Canada","2020-03-29",704,14
"Canada","2020-03-30",1118,29
"Canada","2020-03-31",1129,27
"Canada","2020-04-01",1033,23
"Canada","2020-04-02",1724,49
"Canada","2020-04-03",1153,53
"Canada","2020-04-04",541,83
"Canada","2020-04-05",2778,75
"Canada","2020-04-06",807,85
"Canada","2020-04-07",1309,61
"Canada","2020-04-08",1269,67
"Canada","2020-04-09",1513,123
"Canada","2020-04-10",1405,96
"Canada","2020-04-11",1257,119
"Canada","2020-04-12",983,109
"Canada","2020-04-13",1381,130
"Canada","2020-04-14",1355,136
"Canada","2020-04-15",1174,154
"Canada","2020-04-16",2600,203
"Canada","2020-04-17",2005,126
"Canada","2020-04-18",1542,143
"Canada","2020-04-19",1277,158
"Canada","2020-04-20",2025,146
"Canada","2020-04-21",1744,193
"Canada","2020-04-22",2261,195
"Canada","2020-04-23",1636,171
"Canada","2020-04-24",1620,180
"Canada","2020-04-25",1452,187
"Canada","2020-04-26",1662,157
"Canada","2020-04-27",1583,185
"Canada","2020-04-28",1534,197
"Canada","2020-04-29",1715,244
"Canada","2020-04-30",1592,179
"Canada","2020-05-01",1886,202
"Canada","2020-05-02",1583,148
"Canada","2020-05-03",2578,140
"Canada","2020-05-04",1453,242
"Canada","2020-05-05",1258,170
"Canada","2020-05-06",1479,159
"Canada","2020-05-07",1507,147
"Canada","2020-05-08",1473,153
"Canada","2020-05-09",1244,164
"Canada","2020-05-10",1173,118
"Canada","2020-05-11",1173,134
"Canada","2020-05-12",1155,151
"Canada","2020-05-13",1149,103
"Canada","2020-05-14",1213,121
"Canada","2020-05-15",1178,121
"Canada","2020-05-16",1247,119
"Canada","2020-05-17",1126,90
"Canada","2020-05-18",1079,92
"Canada","2020-05-19",1082,75
"Canada","2020-05-20",1082,122
"Canada","2020-05-21",1167,96
"Canada","2020-05-22",1205,98
"Canada","2020-05-23",1204,94
"Canada","2020-05-24",955,88
"Canada","2020-05-25",1013,94
"Canada","2020-05-26",971,92
"Canada","2020-05-27",899,94
"Canada","2020-05-28",987,111
"Canada","2020-05-29",933,80
"Canada","2020-05-30",772,60
"Canada","2020-05-31",798,49
"Canada","2020-06-01",809,46
"Canada","2020-06-02",672,56
"Canada","2020-06-03",681,54
"Canada","2020-06-04",628,64
"Canada","2020-06-05",678,40
"Canada","2020-06-06",528,62
"Canada","2020-06-07",703,41
"Canada","2020-06-08",601,44
"Canada","2020-06-09",462,34
"Canada","2020-06-10",479,35
"Canada","2020-06-11",439,31
"Canada","2020-06-12",436,29
"Canada","2020-06-13",448,28
"Canada","2020-06-14",361,19
"Canada","2020-06-15",359,8
"Canada","2020-06-16",324,24
"Canada","2020-06-17",404,21
"Canada","2020-06-18",386,13
"Canada","2020-06-19",437,25
"Canada","2020-06-20",448,29
"Canada","2020-06-21",316,17
"Canada","2020-06-22",340,20
"Canada","2020-06-23",349,24
"Canada","2020-06-24",320,30
"Canada","2020-06-25",376,23
"Canada","2020-06-26",166,7
"Canada","2020-06-27",249,9
"Canada","2020-06-28",315,10
"Canada","2020-06-29",637,19
"Canada","2020-06-30",267,12
"Canada","2020-07-01",191,10
"Canada","2020-07-02",355,16
"Canada","2020-07-03",319,7
"Canada","2020-07-04",223,8
"Canada","2020-07-05",209,2
"Canada","2020-07-06",421,13
"Canada","2020-07-07",208,7
"Canada","2020-07-08",311,12
"Canada","2020-07-09",322,10
"Canada","2020-07-10",328,14
"Canada","2020-07-11",166,3
"Canada","2020-07-12",198,5
"Canada","2020-07-13",636,8
"Canada","2020-07-14",366,5
"Canada","2020-07-15",343,14
"Canada","2020-07-16",451,12
"Canada","2020-07-17",415,10
"Canada","2020-07-18",316,3
"Canada","2020-07-19",293,4
"Canada","2020-07-20",770,4
"Canada","2020-07-21",535,7
"Canada","2020-07-22",317,4
"Canada","2020-07-23",608,8
"Canada","2020-07-24",717,4
"Canada","2020-07-25",355,4
"Canada","2020-07-26",319,4
"Canada","2020-07-27",682,13
"Canada","2020-07-28",400,10
"Canada","2020-07-29",486,5
"Canada","2020-07-30",320,13
"Canada","2020-07-31",604,6
"Canada","2020-08-01",242,4
"Canada","2020-08-02",245,3
"Canada","2020-08-03",205,3
"Canada","2020-08-04",686,8
"Canada","2020-08-05",374,6
"Canada","2020-08-06",354,6
"Canada","2020-08-07",516,5
"Canada","2020-08-08",245,4
"Canada","2020-08-09",219,3
"Canada","2020-08-10",686,7
"Canada","2020-08-11",336,6
"Canada","2020-08-12",314,5
"Canada","2020-08-13",477,6
"Canada","2020-08-14",425,4
"Canada","2020-08-15",220,6
"Canada","2020-08-16",179,5
"Canada","2020-08-17",214,2
"Canada","2020-08-18",866,10
"Canada","2020-08-19",324,6
"Canada","2020-08-20",217,3
"Canada","2020-08-21",694,14
"Canada","2020-08-22",241,1
"Canada","2020-08-23",257,4
"Canada","2020-08-24",777,8
"Canada","2020-08-25",309,5
"Canada","2020-08-26",477,5
"Canada","2020-08-27",456,4
"Canada","2020-08-28",506,13
"Canada","2020-08-29",297,3
"Canada","2020-08-30",249,1
"Canada","2020-08-31",1030,8
"Canada","2020-09-01",504,4
"Canada","2020-09-02",519,2
"Canada","2020-09-03",586,6
"Canada","2020-09-04",614,1
"Canada","2020-09-05",370,1
"Canada","2020-09-06",379,2
"Canada","2020-09-07",405,3
"Canada","2020-09-08",1462,7
"Canada","2020-09-09",378,4
"Canada","2020-09-10",821,8
"Canada","2020-09-11",720,0
"Canada","2020-09-12",488,2
"Canada","2020-09-13",476,3
"Canada","2020-09-14",1458,13
"Canada","2020-09-15",802,8
"Canada","2020-09-16",952,5
"Canada","2020-09-17",1027,5
"Canada","2020-09-18",1174,12
"Canada","2020-09-19",554,7
"Canada","2020-09-20",1143,2
"Canada","2020-09-21",1833,12
"Canada","2020-09-22",1272,9
"Canada","2020-09-23",1084,8
"Canada","2020-09-24",1148,8
"Canada","2020-09-25",1630,7
"Canada","2020-09-26",1053,6
"Canada","2020-09-27",1658,5
"Canada","2020-09-28",1791,17
"Canada","2020-09-29",1772,13
"Canada","2020-09-30",2116,18
"Canada","2020-10-01",1823,16
"Canada","2020-10-02",2124,98
"Canada","2020-10-03",1306,21
"Canada","2020-10-04",2141,44
"Canada","2020-10-05",2883,29
"Canada","2020-10-06",2372,18
"Canada","2020-10-07",1624,19
"Canada","2020-10-08",2350,18
"Canada","2020-10-09",2895,14
"Canada","2020-10-10",2142,26
"Canada","2020-10-11",1636,14
"Canada","2020-10-12",975,12
"Canada","2020-10-13",4111,32
"Canada","2020-10-14",2575,25
"Canada","2020-10-15",2298,19
"Canada","2020-10-16",2566,32
"Canada","2020-10-17",139,8
"Canada","2020-10-18",3737,24
"Canada","2020-10-19",3307,31
"Canada","2020-10-20",2238,18
"Canada","2020-10-21",2687,37
"Canada","2020-10-22",2581,31
"Canada","2020-10-23",2902,27
"Canada","2020-10-24",1532,22
"Canada","2020-10-25",2823,31
"Canada","2020-10-26",4099,38
"Canada","2020-10-27",2730,25
"Canada","2020-10-28",2663,38
"Canada","2020-10-29",3017,34
"Canada","2020-10-30",3556,45
"Canada","2020-10-31",2374,39
"Canada","2020-11-01",2336,37
"Canada","2020-11-02",3529,32
"Canada","2020-11-03",4738,58
"Canada","2020-11-04",2782,41
"Canada","2020-11-05",2784,40
"Canada","2020-11-06",5393,62
"Canada","2020-11-07",4346,47
"Canada","2020-11-08",3944,48
"Canada","2020-11-09",4871,61
"Canada","2020-11-10",4445,67
"Canada","2020-11-11",3984,63
"Canada","2020-11-12",5474,73
"Canada","2020-11-13",4770,46
"Canada","2020-11-14",4430,62
"Canada","2020-11-15",4301,65
"Canada","2020-11-16",6033,74
"Canada","2020-11-17",4462,68
"Canada","2020-11-18",4518,104
"Canada","2020-11-19",4794,70
"Canada","2020-11-20",4987,67
"Canada","2020-11-21",4957,66
"Canada","2020-11-22",4745,56
"Canada","2020-11-23",6795,79
"Canada","2020-11-24",5282,100
"Canada","2020-11-25",4958,58
"Canada","2020-11-26",5679,82
"Canada","2020-11-27",5954,86
"Canada","2020-11-28",5675,68
"Canada","2020-11-29",5383,74
"Canada","2020-11-30",7895,109
"Canada","2020-12-01",5495,78
"Canada","2020-12-02",6454,106
"Canada","2020-12-03",6264,90
"Canada","2020-12-04",6419,103
"Canada","2020-12-05",6354,74
"Canada","2020-12-06",6305,85
"Canada","2020-12-07",7724,121
"Canada","2020-12-08",6171,97
"Canada","2020-12-09",6399,116
"Canada","2020-12-10",6686,118
"Canada","2020-12-11",6715,128
"Canada","2020-12-12",5984,98
"Canada","2020-12-13",5916,84
"Canada","2020-12-14",8377,140
"Canada","2020-12-15",6244,116
"Canada","2020-12-16",6512,118
"Canada","2020-12-17",7006,156
"Canada","2020-12-18",6700,113
"Canada","2020-12-19",6459,104
"Canada","2020-12-20",6007,90
"Canada","2020-12-21",7577,107
"Canada","2020-12-22",6260,126
"Canada","2020-12-23",6921,145
"Canada","2020-12-24",6684,150
"Canada","2020-12-25",1749,64
"Canada","2020-12-26",3114,85
"Canada","2020-12-27",10100,120
"Canada","2020-12-28",6465,157
"Canada","2020-12-29",8189,200
"Canada","2020-12-30",8459,122
"Canada","2020-12-31",7143,112
"Canada","2021-01-01",991,44
"Canada","2021-01-02",4535,108
"Canada","2021-01-03",16141,92
"Canada","2021-01-04",10058,241
"Canada","2021-01-05",7250,142
"Canada","2021-01-06",8082,150
"Canada","2021-01-07",8227,165
"Canada","2021-01-08",9237,142
"Canada","2021-01-09",8393,138
"Canada","2021-01-10",7283,90
"Canada","2021-01-11",8325,125
"Canada","2021-01-12",6141,160
"Canada","2021-01-13",7139,180
"Canada","2021-01-14",7447,147
"Canada","2021-01-15",6880,170
"Canada","2021-01-16",6359,122
"Canada","2021-01-17",6284,128
"Canada","2021-01-18",6420,125
"Canada","2021-01-19",5028,151
"Canada","2021-01-20",5701,185
"Canada","2021-01-21",6111,139
"Canada","2021-01-22",5827,181
"Canada","2021-01-23",5094,105
"Canada","2021-01-24",4679,127
"Canada","2021-01-25",5617,126
"Canada","2021-01-26",4041,147
"Canada","2021-01-27",4320,93
"Canada","2021-01-28",4806,191
"Canada","2021-01-29",4827,149
"Canada","2021-01-30",4110,133
"Canada","2021-01-31",3933,83
"Canada","2021-02-01",4502,104
"Canada","2021-02-02",2948,97
"Canada","2021-02-03",3267,119
"Canada","2021-02-04",3982,125
"Canada","2021-02-05",4136,121
"Canada","2021-02-06",3264,93
"Canada","2021-02-07",3207,60
"Canada","2021-02-08",3803,70
"Canada","2021-02-09",2683,84
"Canada","2021-02-10",3268,93
"Canada","2021-02-11",3177,82
"Canada","2021-02-12",2679,79
"Canada","2021-02-13",3797,70
"Canada","2021-02-14",2204,23
"Canada","2021-02-15",1763,37
"Canada","2021-02-16",4219,97
"Canada","2021-02-17",2561,44
"Canada","2021-02-18",3435,70
"Canada","2021-02-19",3083,72
"Canada","2021-02-20",2657,50
"Canada","2021-02-21",2407,44
"Canada","2021-02-22",3453,45
"Canada","2021-02-23",3213,41
"Canada","2021-02-24",2945,49
"Canada","2021-02-25",3147,58
"Canada","2021-02-26",3172,47
"Canada","2021-02-27",2680,46
"Canada","2021-02-28",2347,29
"Canada","2021-03-01",3694,24
"Canada","2021-03-02",2663,29
"Canada","2021-03-03",2784,62
"Canada","2021-03-04",2980,47
"Canada","2021-03-05",2967,31
"Canada","2021-03-06",2769,29
"Canada","2021-03-07",2648,22
"Canada","2021-03-08",4048,37
"Canada","2021-03-09",2928,31
"Canada","2021-03-10",3059,28
"Canada","2021-03-11",3105,37
"Canada","2021-03-12",3515,30
"Canada","2021-03-13",3030,29
"Canada","2021-03-14",2711,29
"Canada","2021-03-15",3811,29
"Canada","2021-03-16",2857,25
"Canada","2021-03-17",3407,34
"Canada","2021-03-18",3613,34
"Canada","2021-03-19",4232,28
"Canada","2021-03-20",3417,30
"Canada","2021-03-21",3125,21
"Canada","2021-03-22",4863,39
"Canada","2021-03-23",3569,20
"Canada","2021-03-24",3949,24
"Canada","2021-03-25",5104,32
"Canada","2021-03-26",5025,38
"Canada","2021-03-27",4315,21
"Canada","2021-03-28",4183,25
"Canada","2021-03-29",6262,16
"Canada","2021-03-30",3753,21
"Canada","2021-03-31",8728,68
"Canada","2021-04-01",5741,38
"Canada","2021-04-02",3659,13
"Canada","2021-04-03",7088,27
"Canada","2021-04-04",3512,22
"Canada","2021-04-05",8322,23
"Canada","2021-04-06",10724,49
"Canada","2021-04-07",7388,28
"Canada","2021-04-08",8236,36
"Canada","2021-04-09",9082,40
"Canada","2021-04-10",7492,34
"Canada","2021-04-11",7712,24
"Canada","2021-04-12",10718,42
"Canada","2021-04-13",7423,34
"Canada","2021-04-14",8994,58
"Canada","2021-04-15",9609,54
"Canada","2021-04-16",9329,49
"Canada","2021-04-17",7325,41
"Canada","2021-04-18",8209,39
"Canada","2021-04-19",10220,38
"Canada","2021-04-20",7226,49
"Canada","2021-04-21",8236,63
"Canada","2021-04-22",9055,49
"Canada","2021-04-23",8589,60
"Canada","2021-04-24",7368,42
"Canada","2021-04-25",6926,38
"Canada","2021-04-26",8836,61
"Canada","2021-04-27",6845,37
"Canada","2021-04-28",8246,62
"Canada","2021-04-29",9190,55
"Canada","2021-04-30",8259,55
"Canada","2021-05-01",6545,25
"Canada","2021-05-02",5966,24
"Canada","2021-05-03",10933,65
"Canada","2021-05-04",6638,66
"Canada","2021-05-05",7800,37
"Canada","2021-05-06",7957,42
"Canada","2021-05-07",7640,44
"Canada","2021-05-08",6086,31
"Canada","2021-05-09",5693,23
"Canada","2021-05-10",8864,83
"Canada","2021-05-11",5374,33
"Canada","2021-05-12",6557,62
"Canada","2021-05-13",5786,47
"Canada","2021-05-14",6783,55
"Canada","2021-05-15",4491,27
"Canada","2021-05-16",4302,20
"Canada","2021-05-17",6424,60
"Canada","2021-05-18",3877,35
"Canada","2021-05-19",4814,51
"Canada","2021-05-20",4836,43
"Canada","2021-05-21",4531,55
"Canada","2021-05-22",3255,32
"Canada","2021-05-23",2956,26
"Canada","2021-05-24",1766,25
"Canada","2021-05-25",3700,38
"Canada","2021-05-26",2331,34
"Canada","2021-05-27",4721,90
"Canada","2021-05-28",3114,31
"Canada","2021-05-29",2266,27
"Canada","2021-05-30",1985,22
"Canada","2021-05-31",2970,55
"United Kingdom","2020-01-01",0,0
"United Kingdom","2020-01-02",0,0
"United Kingdom","2020-01-03",0,0
"United Kingdom","2020-01-04",0,0
"United Kingdom","2020-01-05",0,0
"United Kingdom","2020-01-06",0,0
"United Kingdom","2020-01-07",0,0
"United Kingdom","2020-01-08",0,0
"United Kingdom","2020-01-09",0,0
"United Kingdom","2020-01-10",0,0
"United Kingdom","2020-01-11",0,0
"United Kingdom","2020-01-12",0,0
"United Kingdom","2020-01-13",0,0
"United Kingdom","2020-01-14",0,0
"United Kingdom","2020-01-15",0,0
"United Kingdom","2020-01-16",0,0
"United Kingdom","2020-01-17",0,0
"United Kingdom","2020-01-18",0,0
"United Kingdom","2020-01-19",0,0
"United Kingdom","2020-01-20",0,0
"United Kingdom","2020-01-21",0,0
"United Kingdom","2020-01-22",0,0
"United Kingdom","2020-01-23",0,0
"United Kingdom","2020-01-24",0,0
"United Kingdom","2020-01-25",0,0
"United Kingdom","2020-01-26",0,0
"United Kingdom","2020-01-27",0,0
"United Kingdom","2020-01-28",0,0
"United Kingdom","2020-01-29",0,0
"United Kingdom","2020-01-30",0,0
"United Kingdom","2020-01-31",2,0
"United Kingdom","2020-02-01",0,0
"United Kingdom","2020-02-02",0,0
"United Kingdom","2020-02-03",6,0
"United Kingdom","2020-02-04",0,0
"United Kingdom","2020-02-05",1,0
"United Kingdom","2020-02-06",0,0
"United Kingdom","2020-02-07",0,0
"United Kingdom","2020-02-08",4,0
"United Kingdom","2020-02-09",1,0
"United Kingdom","2020-02-10",0,0
"United Kingdom","2020-02-11",1,0
"United Kingdom","2020-02-12",1,0
"United Kingdom","2020-02-13",1,0
"United Kingdom","2020-02-14",1,0
"United Kingdom","2020-02-15",0,0
"United Kingdom","2020-02-16",0,0
"United Kingdom","2020-02-17",1,0
"United Kingdom","2020-02-18",0,0
"United Kingdom","2020-02-19",1,0
"United Kingdom","2020-02-20",2,0
"United Kingdom","2020-02-21",1,0
"United Kingdom","2020-02-22",0,0
"United Kingdom","2020-02-23",5,0
"United Kingdom","2020-02-24",2,0
"United Kingdom","2020-02-25",4,0
"United Kingdom","2020-02-26",3,0
"United Kingdom","2020-02-27",7,0
"United Kingdom","2020-02-28",12,0
"United Kingdom","2020-02-29",5,0
"United Kingdom","2020-03-01",33,0
"United Kingdom","2020-03-02",40,0
"United Kingdom","2020-03-03",55,0
"United Kingdom","2020-03-04",57,0
"United Kingdom","2020-03-05",49,0
"United Kingdom","2020-03-06",79,1
"United Kingdom","2020-03-07",55,1
"United Kingdom","2020-03-08",54,0
"United Kingdom","2020-03-09",147,1
"United Kingdom","2020-03-10",259,4
"United Kingdom","2020-03-11",412,0
"United Kingdom","2020-03-12",489,2
"United Kingdom","2020-03-13",480,1
"United Kingdom","2020-03-14",364,19
"United Kingdom","2020-03-15",443,14
"United Kingdom","2020-03-16",615,23
"United Kingdom","2020-03-17",770,17
"United Kingdom","2020-03-18",1006,35
"United Kingdom","2020-03-19",1066,46
"United Kingdom","2020-03-20",1258,32
"United Kingdom","2020-03-21",1215,58
"United Kingdom","2020-03-22",1388,35
"United Kingdom","2020-03-23",2349,76
"United Kingdom","2020-03-24",2382,148
"United Kingdom","2020-03-25",2717,191
"United Kingdom","2020-03-26",3127,182
"United Kingdom","2020-03-27",3249,288
"United Kingdom","2020-03-28",2843,292
"United Kingdom","2020-03-29",2892,213
"United Kingdom","2020-03-30",4327,374
"United Kingdom","2020-03-31",4534,404
"United Kingdom","2020-04-01",4974,673
"United Kingdom","2020-04-02",4929,657
"United Kingdom","2020-04-03",4981,737
"United Kingdom","2020-04-04",4073,757
"United Kingdom","2020-04-05",3650,601
"United Kingdom","2020-04-06",5316,570
"United Kingdom","2020-04-07",5486,1105
"United Kingdom","2020-04-08",5163,1032
"United Kingdom","2020-04-09",4906,1117
"United Kingdom","2020-04-10",4367,1123
"United Kingdom","2020-04-11",3613,844
"United Kingdom","2020-04-12",3539,657
"United Kingdom","2020-04-13",4205,725
"United Kingdom","2020-04-14",4348,1080
"United Kingdom","2020-04-15",5100,884
"United Kingdom","2020-04-16",5343,1040
"United Kingdom","2020-04-17",4990,914
"United Kingdom","2020-04-18",4736,1108
"United Kingdom","2020-04-19",3860,433
"United Kingdom","2020-04-20",4866,576
"United Kingdom","2020-04-21",4775,1224
"United Kingdom","2020-04-22",5505,857
"United Kingdom","2020-04-23",5168,684
"United Kingdom","2020-04-24",4981,1018
"United Kingdom","2020-04-25",3764,816
"United Kingdom","2020-04-26",3473,364
"United Kingdom","2020-04-27",4704,323
"United Kingdom","2020-04-28",4727,971
"United Kingdom","2020-04-29",5450,771
"United Kingdom","2020-04-30",4964,636
"United Kingdom","2020-05-01",4730,700
"United Kingdom","2020-05-02",3230,585
"United Kingdom","2020-05-03",2977,253
"United Kingdom","2020-05-04",3383,273
"United Kingdom","2020-05-05",3689,725
"United Kingdom","2020-05-06",3836,647
"United Kingdom","2020-05-07",3771,458
"United Kingdom","2020-05-08",3052,580
"United Kingdom","2020-05-09",2150,275
"United Kingdom","2020-05-10",2322,217
"United Kingdom","2020-05-11",3589,188
"United Kingdom","2020-05-12",3395,615
"United Kingdom","2020-05-13",3300,448
"United Kingdom","2020-05-14",2618,353
"United Kingdom","2020-05-15",2521,351
"United Kingdom","2020-05-16",2072,411
"United Kingdom","2020-05-17",1826,67
"United Kingdom","2020-05-18",2577,146
"United Kingdom","2020-05-19",3058,501
"United Kingdom","2020-05-20",2712,329
"United Kingdom","2020-05-21",2554,273
"United Kingdom","2020-05-22",2041,291
"United Kingdom","2020-05-23",1508,220
"United Kingdom","2020-05-24",1355,379
"United Kingdom","2020-05-25",1613,104
"United Kingdom","2020-05-26",1659,131
"United Kingdom","2020-05-27",1809,422
"United Kingdom","2020-05-28",1736,343
"United Kingdom","2020-05-29",1508,274
"United Kingdom","2020-05-30",1107,154
"United Kingdom","2020-05-31",1070,60
"United Kingdom","2020-06-01",1444,86
"United Kingdom","2020-06-02",1470,250
"United Kingdom","2020-06-03",1349,254
"United Kingdom","2020-06-04",1238,130
"United Kingdom","2020-06-05",1110,258
"United Kingdom","2020-06-06",794,143
"United Kingdom","2020-06-07",718,54
"United Kingdom","2020-06-08",1094,47
"United Kingdom","2020-06-09",1159,197
"United Kingdom","2020-06-10",1186,164
"United Kingdom","2020-06-11",1007,76
"United Kingdom","2020-06-12",1054,131
"United Kingdom","2020-06-13",888,107
"United Kingdom","2020-06-14",807,27
"United Kingdom","2020-06-15",1031,29
"United Kingdom","2020-06-16",1083,120
"United Kingdom","2020-06-17",999,110
"United Kingdom","2020-06-18",1020,67
"United Kingdom","2020-06-19",984,84
"United Kingdom","2020-06-20",666,71
"United Kingdom","2020-06-21",624,31
"United Kingdom","2020-06-22",892,13
"United Kingdom","2020-06-23",882,94
"United Kingdom","2020-06-24",777,87
"United Kingdom","2020-06-25",697,99
"United Kingdom","2020-06-26",639,77
"United Kingdom","2020-06-27",634,40
"United Kingdom","2020-06-28",407,31
"United Kingdom","2020-06-29",620,21
"United Kingdom","2020-06-30",404,54
"United Kingdom","2020-07-01",63,97
"United Kingdom","2020-07-02",6,41
"United Kingdom","2020-07-03",502,49
"United Kingdom","2020-07-04",625,32
"United Kingdom","2020-07-05",519,19
"United Kingdom","2020-07-06",359,11
"United Kingdom","2020-07-07",584,54
"United Kingdom","2020-07-08",637,57
"United Kingdom","2020-07-09",643,31
"United Kingdom","2020-07-10",524,34
"United Kingdom","2020-07-11",826,17
"United Kingdom","2020-07-12",650,9
"United Kingdom","2020-07-13",537,10
"United Kingdom","2020-07-14",1240,44
"United Kingdom","2020-07-15",538,26
"United Kingdom","2020-07-16",647,24
"United Kingdom","2020-07-17",687,26
"United Kingdom","2020-07-18",829,9
"United Kingdom","2020-07-19",726,11
"United Kingdom","2020-07-20",586,10
"United Kingdom","2020-07-21",445,25
"United Kingdom","2020-07-22",563,17
"United Kingdom","2020-07-23",779,9
"United Kingdom","2020-07-24",769,32
"United Kingdom","2020-07-25",770,15
"United Kingdom","2020-07-26",750,8
"United Kingdom","2020-07-27",688,3
"United Kingdom","2020-07-28",553,21
"United Kingdom","2020-07-29",802,34
"United Kingdom","2020-07-30",847,0
"United Kingdom","2020-07-31",883,20
"United Kingdom","2020-08-01",769,13
"United Kingdom","2020-08-02",747,5
"United Kingdom","2020-08-03",942,1
"United Kingdom","2020-08-04",675,18
"United Kingdom","2020-08-05",906,14
"United Kingdom","2020-08-06",964,18
"United Kingdom","2020-08-07",900,12
"United Kingdom","2020-08-08",765,3
"United Kingdom","2020-08-09",1113,5
"United Kingdom","2020-08-10",818,18
"United Kingdom","2020-08-11",1150,13
"United Kingdom","2020-08-12",1039,20
"United Kingdom","2020-08-13",1148,18
"United Kingdom","2020-08-14",1461,11
"United Kingdom","2020-08-15",1042,3
"United Kingdom","2020-08-16",1111,5
"United Kingdom","2020-08-17",721,3
"United Kingdom","2020-08-18",1113,12
"United Kingdom","2020-08-19",831,17
"United Kingdom","2020-08-20",1195,6
"United Kingdom","2020-08-21",1060,2
"United Kingdom","2020-08-22",1332,18
"United Kingdom","2020-08-23",1048,6
"United Kingdom","2020-08-24",977,4
"United Kingdom","2020-08-25",1201,16
"United Kingdom","2020-08-26",1146,17
"United Kingdom","2020-08-27",1542,12
"United Kingdom","2020-08-28",1297,9
"United Kingdom","2020-08-29",1110,12
"United Kingdom","2020-08-30",1752,1
"United Kingdom","2020-08-31",1415,3
"United Kingdom","2020-09-01",1332,3
"United Kingdom","2020-09-02",1514,10
"United Kingdom","2020-09-03",1779,14
"United Kingdom","2020-09-04",1978,10
"United Kingdom","2020-09-05",1827,12
"United Kingdom","2020-09-06",2987,2
"United Kingdom","2020-09-07",2953,3
"United Kingdom","2020-09-08",2481,32
"United Kingdom","2020-09-09",2681,8
"United Kingdom","2020-09-10",2931,14
"United Kingdom","2020-09-11",3544,6
"United Kingdom","2020-09-12",3504,9
"United Kingdom","2020-09-13",3338,5
"United Kingdom","2020-09-14",2625,9
"United Kingdom","2020-09-15",3115,27
"United Kingdom","2020-09-16",4007,20
"United Kingdom","2020-09-17",3410,21
"United Kingdom","2020-09-18",4329,27
"United Kingdom","2020-09-19",4429,27
"United Kingdom","2020-09-20",3899,18
"United Kingdom","2020-09-21",4378,11
"United Kingdom","2020-09-22",4936,37
"United Kingdom","2020-09-23",6187,37
"United Kingdom","2020-09-24",6644,40
"United Kingdom","2020-09-25",6878,34
"United Kingdom","2020-09-26",6050,35
"United Kingdom","2020-09-27",5700,17
"United Kingdom","2020-09-28",4056,13
"United Kingdom","2020-09-29",7156,72
"United Kingdom","2020-09-30",7117,71
"United Kingdom","2020-10-01",6929,59
"United Kingdom","2020-10-02",6994,66
"United Kingdom","2020-10-03",12885,49
"United Kingdom","2020-10-04",22965,33
"United Kingdom","2020-10-05",12603,19
"United Kingdom","2020-10-06",14557,76
"United Kingdom","2020-10-07",14173,70
"United Kingdom","2020-10-08",17550,77
"United Kingdom","2020-10-09",13888,87
"United Kingdom","2020-10-10",15175,81
"United Kingdom","2020-10-11",12882,65
"United Kingdom","2020-10-12",14011,50
"United Kingdom","2020-10-13",17250,143
"United Kingdom","2020-10-14",19751,137
"United Kingdom","2020-10-15",18996,138
"United Kingdom","2020-10-16",15657,136
"United Kingdom","2020-10-17",16186,150
"United Kingdom","2020-10-18",16994,67
"United Kingdom","2020-10-19",18830,80
"United Kingdom","2020-10-20",21365,241
"United Kingdom","2020-10-21",26707,191
"United Kingdom","2020-10-22",21257,189
"United Kingdom","2020-10-23",20559,224
"United Kingdom","2020-10-24",23033,174
"United Kingdom","2020-10-25",19797,151
"United Kingdom","2020-10-26",20900,102
"United Kingdom","2020-10-27",22924,367
"United Kingdom","2020-10-28",24714,310
"United Kingdom","2020-10-29",23078,280
"United Kingdom","2020-10-30",24418,274
"United Kingdom","2020-10-31",21919,326
"United Kingdom","2020-11-01",23261,162
"United Kingdom","2020-11-02",18967,136
"United Kingdom","2020-11-03",20078,397
"United Kingdom","2020-11-04",25206,492
"United Kingdom","2020-11-05",24164,378
"United Kingdom","2020-11-06",23322,355
"United Kingdom","2020-11-07",24979,413
"United Kingdom","2020-11-08",20580,156
"United Kingdom","2020-11-09",21397,195
"United Kingdom","2020-11-10",20451,532
"United Kingdom","2020-11-11",23000,596
"United Kingdom","2020-11-12",33517,563
"United Kingdom","2020-11-13",27316,376
"United Kingdom","2020-11-14",26876,462
"United Kingdom","2020-11-15",24977,168
"United Kingdom","2020-11-16",21416,214
"United Kingdom","2020-11-17",20060,599
"United Kingdom","2020-11-18",19645,529
"United Kingdom","2020-11-19",22936,502
"United Kingdom","2020-11-20",20274,511
"United Kingdom","2020-11-21",19921,340
"United Kingdom","2020-11-22",18667,399
"United Kingdom","2020-11-23",15465,207
"United Kingdom","2020-11-24",11344,608
"United Kingdom","2020-11-25",18261,695
"United Kingdom","2020-11-26",17557,498
"United Kingdom","2020-11-27",14821,520
"United Kingdom","2020-11-28",15891,479
"United Kingdom","2020-11-29",12164,215
"United Kingdom","2020-11-30",12428,203
"United Kingdom","2020-12-01",13497,603
"United Kingdom","2020-12-02",16237,648
"United Kingdom","2020-12-03",14951,414
"United Kingdom","2020-12-04",16382,504
"United Kingdom","2020-12-05",15579,397
"United Kingdom","2020-12-06",17372,231
"United Kingdom","2020-12-07",14774,189
"United Kingdom","2020-12-08",12386,599
"United Kingdom","2020-12-09",16634,533
"United Kingdom","2020-12-10",21066,516
"United Kingdom","2020-12-11",21784,424
"United Kingdom","2020-12-12",21554,520
"United Kingdom","2020-12-13",18541,144
"United Kingdom","2020-12-14",20377,233
"United Kingdom","2020-12-15",18569,506
"United Kingdom","2020-12-16",25300,612
"United Kingdom","2020-12-17",35532,532
"United Kingdom","2020-12-18",28560,490
"United Kingdom","2020-12-19",27249,537
"United Kingdom","2020-12-20",36084,326
"United Kingdom","2020-12-21",33517,215
"United Kingdom","2020-12-22",36931,691
"United Kingdom","2020-12-23",39387,748
"United Kingdom","2020-12-24",39149,575
"United Kingdom","2020-12-25",32803,570
"United Kingdom","2020-12-26",34788,211
"United Kingdom","2020-12-27",32493,347
"United Kingdom","2020-12-28",41460,357
"United Kingdom","2020-12-29",53275,458
"United Kingdom","2020-12-30",50239,982
"United Kingdom","2020-12-31",56029,965
"United Kingdom","2021-01-01",53458,615
"United Kingdom","2021-01-02",57853,445
"United Kingdom","2021-01-03",55157,455
"United Kingdom","2021-01-04",58923,410
"United Kingdom","2021-01-05",61087,881
"United Kingdom","2021-01-06",62556,1042
"United Kingdom","2021-01-07",52787,1162
"United Kingdom","2021-01-08",68192,1333
"United Kingdom","2021-01-09",60098,1035
"United Kingdom","2021-01-10",55026,567
"United Kingdom","2021-01-11",46275,529
"United Kingdom","2021-01-12",45648,1246
"United Kingdom","2021-01-13",47662,1568
"United Kingdom","2021-01-14",48804,1253
"United Kingdom","2021-01-15",55885,1285
"United Kingdom","2021-01-16",41428,1299
"United Kingdom","2021-01-17",38670,682
"United Kingdom","2021-01-18",37610,602
"United Kingdom","2021-01-19",33454,1612
"United Kingdom","2021-01-20",38992,1826
"United Kingdom","2021-01-21",37977,1296
"United Kingdom","2021-01-22",40321,1401
"United Kingdom","2021-01-23",33652,1352
"United Kingdom","2021-01-24",30111,611
"United Kingdom","2021-01-25",22244,594
"United Kingdom","2021-01-26",20167,1636
"United Kingdom","2021-01-27",25369,1726
"United Kingdom","2021-01-28",28811,1239
"United Kingdom","2021-01-29",29145,1248
"United Kingdom","2021-01-30",23400,1205
"United Kingdom","2021-01-31",21190,590
"United Kingdom","2021-02-01",18668,407
"United Kingdom","2021-02-02",16906,1451
"United Kingdom","2021-02-03",19215,1322
"United Kingdom","2021-02-04",20734,915
"United Kingdom","2021-02-05",19204,1015
"United Kingdom","2021-02-06",18363,828
"United Kingdom","2021-02-07",15904,376
"United Kingdom","2021-02-08",14138,333
"United Kingdom","2021-02-09",12441,1052
"United Kingdom","2021-02-10",13077,1002
"United Kingdom","2021-02-11",13543,680
"United Kingdom","2021-02-12",15198,759
"United Kingdom","2021-02-13",13355,621
"United Kingdom","2021-02-14",10991,259
"United Kingdom","2021-02-15",9776,235
"United Kingdom","2021-02-16",10636,799
"United Kingdom","2021-02-17",12760,738
"United Kingdom","2021-02-18",12095,455
"United Kingdom","2021-02-19",12099,533
"United Kingdom","2021-02-20",10453,446
"United Kingdom","2021-02-21",9835,217
"United Kingdom","2021-02-22",10659,178
"United Kingdom","2021-02-23",8523,548
"United Kingdom","2021-02-24",9947,443
"United Kingdom","2021-02-25",10020,324
"United Kingdom","2021-02-26",8588,345
"United Kingdom","2021-02-27",7457,291
"United Kingdom","2021-02-28",6055,144
"United Kingdom","2021-03-01",5462,104
"United Kingdom","2021-03-02",6411,343
"United Kingdom","2021-03-03",6420,487
"United Kingdom","2021-03-04",6644,242
"United Kingdom","2021-03-05",6024,236
"United Kingdom","2021-03-06",6118,159
"United Kingdom","2021-03-07",5260,82
"United Kingdom","2021-03-08",4823,65
"United Kingdom","2021-03-09",5869,231
"United Kingdom","2021-03-10",6021,190
"United Kingdom","2021-03-11",6835,181
"United Kingdom","2021-03-12",6684,176
"United Kingdom","2021-03-13",5617,122
"United Kingdom","2021-03-14",4695,52
"United Kingdom","2021-03-15",5130,64
"United Kingdom","2021-03-16",5363,110
"United Kingdom","2021-03-17",5793,141
"United Kingdom","2021-03-18",6332,95
"United Kingdom","2021-03-19",4872,100
"United Kingdom","2021-03-20",5639,96
"United Kingdom","2021-03-21",5356,34
"United Kingdom","2021-03-22",5407,18
"United Kingdom","2021-03-23",5417,112
"United Kingdom","2021-03-24",5626,98
"United Kingdom","2021-03-25",6277,63
"United Kingdom","2021-03-26",6235,71
"United Kingdom","2021-03-27",3909,58
"United Kingdom","2021-03-28",3947,21
"United Kingdom","2021-03-29",4783,23
"United Kingdom","2021-03-30",4071,55
"United Kingdom","2021-03-31",4115,43
"United Kingdom","2021-04-01",4565,51
"United Kingdom","2021-04-02",3422,52
"United Kingdom","2021-04-03",3424,10
"United Kingdom","2021-04-04",2405,10
"United Kingdom","2021-04-05",2831,28
"United Kingdom","2021-04-06",2404,20
"United Kingdom","2021-04-07",2797,45
"United Kingdom","2021-04-08",3124,53
"United Kingdom","2021-04-09",2918,60
"United Kingdom","2021-04-10",2713,40
"United Kingdom","2021-04-11",1730,7
"United Kingdom","2021-04-12",3686,15
"United Kingdom","2021-04-13",2505,23
"United Kingdom","2021-04-14",2529,38
"United Kingdom","2021-04-15",2766,31
"United Kingdom","2021-04-16",2807,34
"United Kingdom","2021-04-17",2273,36
"United Kingdom","2021-04-18",1884,10
"United Kingdom","2021-04-19",3054,6
"United Kingdom","2021-04-20",2530,33
"United Kingdom","2021-04-21",2424,20
"United Kingdom","2021-04-22",2766,20
"United Kingdom","2021-04-23",2754,41
"United Kingdom","2021-04-24",2122,32
"United Kingdom","2021-04-25",1733,11
"United Kingdom","2021-04-26",2119,7
"United Kingdom","2021-04-27",2697,17
"United Kingdom","2021-04-28",2131,29
"United Kingdom","2021-04-29",2459,25
"United Kingdom","2021-04-30",2397,16
"United Kingdom","2021-05-01",1911,7
"United Kingdom","2021-05-02",1674,14
"United Kingdom","2021-05-03",1674,1
"United Kingdom","2021-05-04",1984,6
"United Kingdom","2021-05-05",2155,27
"United Kingdom","2021-05-06",2618,13
"United Kingdom","2021-05-07",2490,15
"United Kingdom","2021-05-08",2056,5
"United Kingdom","2021-05-09",1770,2
"United Kingdom","2021-05-10",2378,5
"United Kingdom","2021-05-11",2490,20
"United Kingdom","2021-05-12",2296,11
"United Kingdom","2021-05-13",2663,11
"United Kingdom","2021-05-14",2198,18
"United Kingdom","2021-05-15",2060,7
"United Kingdom","2021-05-16",1926,4
"United Kingdom","2021-05-17",1993,5
"United Kingdom","2021-05-18",2070,7
"United Kingdom","2021-05-19",2146,3
"United Kingdom","2021-05-20",2699,7
"United Kingdom","2021-05-21",2708,9
"United Kingdom","2021-05-22",2524,6
"United Kingdom","2021-05-23",2093,5
"United Kingdom","2021-05-24",2370,3
"United Kingdom","2021-05-25",2417,15
"United Kingdom","2021-05-26",2991,9
"United Kingdom","2021-05-27",3384,10
"United Kingdom","2021-05-28",4030,10
"United Kingdom","2021-05-29",3241,7
"United Kingdom","2021-05-30",3114,6
"United Kingdom","2021-05-31",3294,2
"United States","2020-01-01",0,0
"United States","2020-01-02",0,0
"United States","2020-01-03",0,0
"United States","2020-01-04",0,0
"United States","2020-01-05",0,0
"United States","2020-01-06",0,0
"United States","2020-01-07",0,0
"United States","2020-01-08",0,0
"United States","2020-01-09",0,0
"United States","2020-01-10",0,0
"United States","2020-01-11",0,0
"United States","2020-01-12",0,0
"United States","2020-01-13",0,0
"United States","2020-01-14",0,0
"United States","2020-01-15",0,0
"United States","2020-01-16",0,0
"United States","2020-01-17",0,0
"United States","2020-01-18",0,0
"United States","2020-01-19",0,0
"United States","2020-01-20",0,0
"United States","2020-01-21",0,0
"United States","2020-01-22",0,0
"United States","2020-01-23",0,0
"United States","2020-01-24",1,0
"United States","2020-01-25",0,0
"United States","2020-01-26",3,0
"United States","2020-01-27",0,0
"United States","2020-01-28",0,0
"United States","2020-01-29",1,0
"United States","2020-01-30",0,0
"United States","2020-01-31",2,0
"United States","2020-02-01",0,0
"United States","2020-02-02",0,0
"United States","2020-02-03",3,0
"United States","2020-02-04",0,0
"United States","2020-02-05",0,0
"United States","2020-02-06",1,0
"United States","2020-02-07",0,0
"United States","2020-02-08",0,0
"United States","2020-02-09",0,0
"United States","2020-02-10",0,0
"United States","2020-02-11",1,0
"United States","2020-02-12",0,0
"United States","2020-02-13",1,0
"United States","2020-02-14",0,0
"United States","2020-02-15",0,0
"United States","2020-02-16",0,0
"United States","2020-02-17",0,0
"United States","2020-02-18",0,0
"United States","2020-02-19",0,0
"United States","2020-02-20",0,0
"United States","2020-02-21",2,0
"United States","2020-02-22",0,0
"United States","2020-02-23",0,0
"United States","2020-02-24",0,0
"United States","2020-02-25",0,0
"United States","2020-02-26",0,0
"United States","2020-02-27",1,0
"United States","2020-02-28",0,0
"United States","2020-02-29",8,1
"United States","2020-03-01",7,0
"United States","2020-03-02",23,5
"United States","2020-03-03",19,1
"United States","2020-03-04",33,4
"United States","2020-03-05",77,1
"United States","2020-03-06",53,2
"United States","2020-03-07",166,3
"United States","2020-03-08",116,4
"United States","2020-03-09",75,1
"United States","2020-03-10",188,6
"United States","2020-03-11",365,5
"United States","2020-03-12",439,10
"United States","2020-03-13",633,8
"United States","2020-03-14",759,7
"United States","2020-03-15",234,12
"United States","2020-03-16",1467,27
"United States","2020-03-17",1833,37
"United States","2020-03-18",2657,60
"United States","2020-03-19",4494,72
"United States","2020-03-20",6367,106
"United States","2020-03-21",5995,103
"United States","2020-03-22",8873,124
"United States","2020-03-23",11238,191
"United States","2020-03-24",10619,243
"United States","2020-03-25",12082,334
"United States","2020-03-26",17856,418
"United States","2020-03-27",18690,522
"United States","2020-03-28",19630,650
"United States","2020-03-29",18899,616
"United States","2020-03-30",22075,713
"United States","2020-03-31",26314,1085
"United States","2020-04-01",32286,1284
"United States","2020-04-02",32222,1514
"United States","2020-04-03",32307,1429
"United States","2020-04-04",32386,1568
"United States","2020-04-05",29895,1615
"United States","2020-04-06",31390,1772
"United States","2020-04-07",30779,2573
"United States","2020-04-08",31235,2161
"United States","2020-04-09",35942,2211
"United States","2020-04-10",34403,2197
"United States","2020-04-11",29083,2126
"United States","2020-04-12",27256,1873
"United States","2020-04-13",26939,2015
"United States","2020-04-14",28818,2447
"United States","2020-04-15",25408,2607
"United States","2020-04-16",30002,2153
"United States","2020-04-17",33066,2113
"United States","2020-04-18",27907,1972
"United States","2020-04-19",26062,1977
"United States","2020-04-20",29820,2236
"United States","2020-04-21",25926,2505
"United States","2020-04-22",28911,2465
"United States","2020-04-23",33612,2458
"United States","2020-04-24",32327,2188
"United States","2020-04-25",30380,1716
"United States","2020-04-26",26488,1404
"United States","2020-04-27",23715,1520
"United States","2020-04-28",24575,2225
"United States","2020-04-29",26459,2410
"United States","2020-04-30",29205,2188
"United States","2020-05-01",34907,1915
"United States","2020-05-02",27348,1730
"United States","2020-05-03",24321,1197
"United States","2020-05-04",24068,1390
"United States","2020-05-05",24528,2215
"United States","2020-05-06",24569,2309
"United States","2020-05-07",27429,1925
"United States","2020-05-08",26830,1758
"United States","2020-05-09",25176,1463
"United States","2020-05-10",18805,987
"United States","2020-05-11",19298,1044
"United States","2020-05-12",22927,1598
"United States","2020-05-13",20433,1725
"United States","2020-05-14",26817,1782
"United States","2020-05-15",24733,1666
"United States","2020-05-16",24135,1201
"United States","2020-05-17",18388,825
"United States","2020-05-18",22389,1223
"United States","2020-05-19",20979,1460
"United States","2020-05-20",22725,1499
"United States","2020-05-21",25769,1185
"United States","2020-05-22",23649,1222
"United States","2020-05-23",21099,1086
"United States","2020-05-24",20077,640
"United States","2020-05-25",18662,597
"United States","2020-05-26",19663,678
"United States","2020-05-27",18551,1459
"United States","2020-05-28",22320,1092
"United States","2020-05-29",24478,1130
"United States","2020-05-30",23632,954
"United States","2020-05-31",18983,617
"United States","2020-06-01",17414,778
"United States","2020-06-02",21502,980
"United States","2020-06-03",19857,1008
"United States","2020-06-04",21658,1006
"United States","2020-06-05",25403,889
"United States","2020-06-06",21142,642
"United States","2020-06-07",17928,460
"United States","2020-06-08",17616,509
"United States","2020-06-09",18383,907
"United States","2020-06-10",21111,879
"United States","2020-06-11",23166,828
"United States","2020-06-12",24828,829
"United States","2020-06-13",25212,740
"United States","2020-06-14",18941,345
"United States","2020-06-15",19827,396
"United States","2020-06-16",23667,813
"United States","2020-06-17",27072,739
"United States","2020-06-18",28537,688
"United States","2020-06-19",31544,627
"United States","2020-06-20",32280,558
"United States","2020-06-21",25150,320
"United States","2020-06-22",32144,407
"United States","2020-06-23",37072,748
"United States","2020-06-24",35878,737
"United States","2020-06-25",40326,538
"United States","2020-06-26",45999,628
"United States","2020-06-27",41330,506
"United States","2020-06-28",40734,316
"United States","2020-06-29",41299,386
"United States","2020-06-30",46420,555
"United States","2020-07-01",51820,701
"United States","2020-07-02",56636,710
"United States","2020-07-03",51351,670
"United States","2020-07-04",45693,315
"United States","2020-07-05",50747,326
"United States","2020-07-06",43106,377
"United States","2020-07-07",60661,1161
"United States","2020-07-08",60119,822
"United States","2020-07-09",62509,1020
"United States","2020-07-10",68057,816
"United States","2020-07-11",60017,729
"United States","2020-07-12",58424,472
"United States","2020-07-13",58930,448
"United States","2020-07-14",68051,928
"United States","2020-07-15",68090,974
"United States","2020-07-16",75866,955
"United States","2020-07-17",72236,925
"United States","2020-07-18",62536,859
"United States","2020-07-19",60456,485
"United States","2020-07-20",62107,563
"United States","2020-07-21",64461,1085
"United States","2020-07-22",70579,1223
"United States","2020-07-23",68445,1070
"United States","2020-07-24",73319,1106
"United States","2020-07-25",64953,932
"United States","2020-07-26",54816,531
"United States","2020-07-27",56783,1127
"United States","2020-07-28",66412,1332
"United States","2020-07-29",71873,1411
"United States","2020-07-30",67466,1235
"United States","2020-07-31",68712,1237
"United States","2020-08-01",56201,1087
"United States","2020-08-02",45568,437
"United States","2020-08-03",45501,583
"United States","2020-08-04",58774,1282
"United States","2020-08-05",54466,1439
"United States","2020-08-06",59349,1239
"United States","2020-08-07",59303,1241
"United States","2020-08-08",54134,1076
"United States","2020-08-09",45769,523
"United States","2020-08-10",47606,634
"United States","2020-08-11",48003,1025
"United States","2020-08-12",56040,1505
"United States","2020-08-13",51316,1064
"United States","2020-08-14",65336,1337
"United States","2020-08-15",46951,1000
"United States","2020-08-16",39212,616
"United States","2020-08-17",36652,493
"United States","2020-08-18",45033,1226
"United States","2020-08-19",47320,1337
"United States","2020-08-20",44041,1104
"United States","2020-08-21",48843,1088
"United States","2020-08-22",43064,911
"United States","2020-08-23",34247,545
"United States","2020-08-24",36482,475
"United States","2020-08-25",40354,1230
"United States","2020-08-26",45172,1162
"United States","2020-08-27",45393,1115
"United States","2020-08-28",46832,978
"United States","2020-08-29",42754,915
"United States","2020-08-30",34404,441
"United States","2020-08-31",35362,541
"United States","2020-09-01",41846,1029
"United States","2020-09-02",41018,1073
"United States","2020-09-03",44251,1031
"United States","2020-09-04",50382,957
"United States","2020-09-05",43158,762
"United States","2020-09-06",31218,472
"United States","2020-09-07",23613,295
"United States","2020-09-08",27226,455
"United States","2020-09-09",34049,1161
"United States","2020-09-10",36056,919
"United States","2020-09-11",47769,1164
"United States","2020-09-12",41101,711
"United States","2020-09-13",34372,423
"United States","2020-09-14",34423,432
"United States","2020-09-15",39492,1198
"United States","2020-09-16",39030,962
"United States","2020-09-17",45130,858
"United States","2020-09-18",49282,891
"United States","2020-09-19",42202,732
"United States","2020-09-20",38447,266
"United States","2020-09-21",51878,425
"United States","2020-09-22",39866,1029
"United States","2020-09-23",39069,1056
"United States","2020-09-24",47103,900
"United States","2020-09-25",48295,940
"United States","2020-09-26",44673,769
"United States","2020-09-27",37528,315
"United States","2020-09-28",33294,358
"United States","2020-09-29",43338,836
"United States","2020-09-30",39443,958
"United States","2020-10-01",45650,869
"United States","2020-10-02",54950,860
"United States","2020-10-03",48577,682
"United States","2020-10-04",35738,378
"United States","2020-10-05",39376,481
"United States","2020-10-06",45289,686
"United States","2020-10-07",51056,923
"United States","2020-10-08",58599,989
"United States","2020-10-09",56384,969
"United States","2020-10-10",54953,657
"United States","2020-10-11",45981,465
"United States","2020-10-12",41774,397
"United States","2020-10-13",52231,801
"United States","2020-10-14",59778,987
"United States","2020-10-15",64880,842
"United States","2020-10-16",69147,948
"United States","2020-10-17",56759,761
"United States","2020-10-18",49367,487
"United States","2020-10-19",67717,488
"United States","2020-10-20",61956,923
"United States","2020-10-21",63301,1119
"United States","2020-10-22",76310,894
"United States","2020-10-23",81933,965
"United States","2020-10-24",82767,952
"United States","2020-10-25",62204,461
"United States","2020-10-26",67310,533
"United States","2020-10-27",76838,974
"United States","2020-10-28",79426,1034
"United States","2020-10-29",91019,1004
"United States","2020-10-30",99264,1059
"United States","2020-10-31",89754,924
"United States","2020-11-01",104900,499
"United States","2020-11-02",85211,574
"United States","2020-11-03",127198,1575
"United States","2020-11-04",104541,1116
"United States","2020-11-05",129367,1159
"United States","2020-11-06",128033,1231
"United States","2020-11-07",127510,1081
"United States","2020-11-08",115170,573
"United States","2020-11-09",120434,779
"United States","2020-11-10",140504,1419
"United States","2020-11-11",146750,1434
"United States","2020-11-12",164750,1208
"United States","2020-11-13",180398,1202
"United States","2020-11-14",167926,1346
"United States","2020-11-15",136356,778
"United States","2020-11-16",162624,834
"United States","2020-11-17",163958,1719
"United States","2020-11-18",173251,1919
"United States","2020-11-19",191510,2057
"United States","2020-11-20",198333,1956
"United States","2020-11-21",179436,1621
"United States","2020-11-22",146947,1036
"United States","2020-11-23",174089,1099
"United States","2020-11-24",175544,2131
"United States","2020-11-25",183403,2259
"United States","2020-11-26",112526,1388
"United States","2020-11-27",207933,1551
"United States","2020-11-28",155661,1365
"United States","2020-11-29",140328,1039
"United States","2020-11-30",160321,1348
"United States","2020-12-01",188339,2551
"United States","2020-12-02",202894,2815
"United States","2020-12-03",223421,2944
"United States","2020-12-04",232644,2701
"United States","2020-12-05",215811,2358
"United States","2020-12-06",181253,1352
"United States","2020-12-07",194409,1609
"United States","2020-12-08",224452,2623
"United States","2020-12-09",222648,3177
"United States","2020-12-10",231428,2996
"United States","2020-12-11",240089,3410
"United States","2020-12-12",217797,2470
"United States","2020-12-13",187971,1634
"United States","2020-12-14",194314,1653
"United States","2020-12-15",208992,3115
"United States","2020-12-16",246644,3670
"United States","2020-12-17",239900,3500
"United States","2020-12-18",251832,2974
"United States","2020-12-19",192102,2654
"United States","2020-12-20",188015,1722
"United States","2020-12-21",198703,1924
"United States","2020-12-22",198107,3405
"United States","2020-12-23",229624,3432
"United States","2020-12-24",194155,2898
"United States","2020-12-25",97880,1434
"United States","2020-12-26",226416,1892
"United States","2020-12-27",155845,1436
"United States","2020-12-28",174152,2008
"United States","2020-12-29",200408,3634
"United States","2020-12-30",233701,3752
"United States","2020-12-31",235600,3462
"United States","2021-01-01",153916,2155
"United States","2021-01-02",300462,2515
"United States","2021-01-03",208853,1453
"United States","2021-01-04",184005,2093
"United States","2021-01-05",235042,3710
"United States","2021-01-06",255637,3904
"United States","2021-01-07",278337,3993
"United States","2021-01-08",295257,4110
"United States","2021-01-09",260967,3325
"United States","2021-01-10",213415,2003
"United States","2021-01-11",214664,2107
"United States","2021-01-12",226967,4476
"United States","2021-01-13",230301,4013
"United States","2021-01-14",235766,3988
"United States","2021-01-15",242780,3888
"United States","2021-01-16",201858,3423
"United States","2021-01-17",177931,1883
"United States","2021-01-18",143598,1553
"United States","2021-01-19",176216,2723
"United States","2021-01-20",183261,4406
"United States","2021-01-21",193856,4192
"United States","2021-01-22",190760,3846
"United States","2021-01-23",170759,3346
"United States","2021-01-24",131198,1892
"United States","2021-01-25",151677,1976
"United States","2021-01-26",147626,4009
"United States","2021-01-27",153961,3967
"United States","2021-01-28",168804,4007
"United States","2021-01-29",166613,3617
"United States","2021-01-30",142459,2783
"United States","2021-01-31",112152,1858
"United States","2021-02-01",134975,2071
"United States","2021-02-02",115303,3435
"United States","2021-02-03",121691,3907
"United States","2021-02-04",124006,3737
"United States","2021-02-05",134422,3666
"United States","2021-02-06",104176,2670
"United States","2021-02-07",89746,1437
"United States","2021-02-08",90438,1620
"United States","2021-02-09",95265,3073
"United States","2021-02-10",95250,3296
"United States","2021-02-11",105764,3228
"United States","2021-02-12",99670,2910
"United States","2021-02-13",87219,2187
"United States","2021-02-14",65135,1164
"United States","2021-02-15",54279,959
"United States","2021-02-16",62498,1751
"United States","2021-02-17",70139,2409
"United States","2021-02-18",69911,2529
"United States","2021-02-19",79282,2612
"United States","2021-02-20",71696,1823
"United States","2021-02-21",57152,1232
"United States","2021-02-22",56159,1325
"United States","2021-02-23",72270,2282
"United States","2021-02-24",74749,3169
"United States","2021-02-25",77504,2451
"United States","2021-02-26",77349,2067
"United States","2021-02-27",64626,1518
"United States","2021-02-28",51422,1091
"United States","2021-03-01",58098,1521
"United States","2021-03-02",57098,1957
"United States","2021-03-03",67191,2468
"United States","2021-03-04",68060,1941
"United States","2021-03-05",66419,1783
"United States","2021-03-06",58254,1506
"United States","2021-03-07",41073,699
"United States","2021-03-08",44917,738
"United States","2021-03-09",57667,1809
"United States","2021-03-10",57895,1572
"United States","2021-03-11",62471,1553
"United States","2021-03-12",61513,1565
"United States","2021-03-13",53031,1006
"United States","2021-03-14",38278,578
"United States","2021-03-15",56541,757
"United States","2021-03-16",54008,1188
"United States","2021-03-17",59280,1216
"United States","2021-03-18",60375,1660
"United States","2021-03-19",61651,1147
"United States","2021-03-20",55519,737
"United States","2021-03-21",33822,447
"United States","2021-03-22",51436,722
"United States","2021-03-23",53688,877
"United States","2021-03-24",86938,1511
"United States","2021-03-25",67546,1402
"United States","2021-03-26",77377,1151
"United States","2021-03-27",62842,791
"United States","2021-03-28",43223,525
"United States","2021-03-29",69273,710
"United States","2021-03-30",61429,885
"United States","2021-03-31",66765,1077
"United States","2021-04-01",79119,1077
"United States","2021-04-02",69887,952
"United States","2021-04-03",63261,739
"United States","2021-04-04",35133,297
"United States","2021-04-05",77404,518
"United States","2021-04-06",60674,861
"United States","2021-04-07",75021,2593
"United States","2021-04-08",79894,1025
"United States","2021-04-09",82710,896
"United States","2021-04-10",66687,712
"United States","2021-04-11",46509,305
"United States","2021-04-12",70075,479
"United States","2021-04-13",77966,835
"United States","2021-04-14",75403,955
"United States","2021-04-15",74308,905
"United States","2021-04-16",80071,869
"United States","2021-04-17",52532,697
"United States","2021-04-18",42121,337
"United States","2021-04-19",68105,504
"United States","2021-04-20",60949,842
"United States","2021-04-21",62855,860
"United States","2021-04-22",67278,966
"United States","2021-04-23",62411,784
"United States","2021-04-24",53495,748
"United States","2021-04-25",32153,293
"United States","2021-04-26",47568,494
"United States","2021-04-27",50836,654
"United States","2021-04-28",55150,968
"United States","2021-04-29",58251,873
"United States","2021-04-30",57919,753
"United States","2021-05-01",45391,715
"United States","2021-05-02",29403,337
"United States","2021-05-03",50491,504
"United States","2021-05-04",40723,875
"United States","2021-05-05",44704,794
"United States","2021-05-06",47557,799
"United States","2021-05-07",48130,759
"United States","2021-05-08",33675,629
"United States","2021-05-09",21427,249
"United States","2021-05-10",36798,414
"United States","2021-05-11",33662,686
"United States","2021-05-12",35826,768
"United States","2021-05-13",38076,766
"United States","2021-05-14",42260,655
"United States","2021-05-15",28857,496
"United States","2021-05-16",16875,278
"United States","2021-05-17",28621,400
"United States","2021-05-18",27789,770
"United States","2021-05-19",29301,675
"United States","2021-05-20",30206,682
"United States","2021-05-21",27946,615
"United States","2021-05-22",19798,495
"United States","2021-05-23",12868,197
"United States","2021-05-24",25815,446
"United States","2021-05-25",22739,632
"United States","2021-05-26",23976,981
"United States","2021-05-27",27448,1356
"United States","2021-05-28",21859,565
"United States","2021-05-29",12001,331
"United States","2021-05-30",6734,134
"United States","2021-05-31",5775,152
